Date,nvda,msft,googl,amzn,aapl,meta
2023-01-03,14.303279876708984,235.24005126953125,88.69595336914062,85.81999969482422,123.63252258300781,124.26531982421875
2023-01-04,14.736924171447754,224.94989013671875,87.66089630126953,85.13999938964844,124.90769958496094,126.88530731201172
2023-01-05,14.253321647644043,218.28285217285156,85.78984832763672,83.12000274658203,123.58309936523438,126.45694732666016
2023-01-06,14.846833229064941,220.8553924560547,86.92440795898438,86.08000183105469,128.13021850585938,129.5252227783203
2023-01-09,15.615203857421875,223.0057373046875,87.60118103027344,87.36000061035156,128.6541290283203,128.97731018066406
2023-01-10,15.895975112915039,224.7043914794922,87.99927520751953,89.87000274658203,129.2274932861328,132.4839324951172
2023-01-11,15.987898826599121,231.49905395507812,91.08452606201172,95.08999633789062,131.95578002929688,132.38430786132812
2023-01-12,16.49748420715332,234.1894073486328,90.69638061523438,95.2699966430664,131.87669372558594,136.18975830078125
2023-01-13,16.88516616821289,234.89637756347656,91.68167877197266,98.12000274658203,133.2111358642578,136.458740234375
2023-01-17,17.687511444091797,235.99609375,90.85562896728516,96.05000305175781,134.37759399414062,134.84490966796875
2023-01-18,17.362773895263672,231.53829956054688,90.68643951416016,95.45999908447266,133.65599060058594,132.51380920410156
2023-01-19,16.75127410888672,227.7285919189453,92.60725402832031,93.68000030517578,133.71530151367188,135.6318817138672
2023-01-20,17.82439613342285,235.86843872070312,97.55360412597656,97.25,136.28541564941406,138.83963012695312
2023-01-23,19.177288055419922,238.1856689453125,99.315185546875,97.5199966430664,139.48818969726562,142.7248077392578
2023-01-24,19.249223709106445,237.65545654296875,97.23511505126953,96.31999969482422,140.89183044433594,142.5952911376953
2023-01-25,19.307178497314453,236.25135803222656,94.76692199707031,97.18000030517578,140.22955322265625,140.96153259277344
2023-01-26,19.78578758239746,243.5074920654297,97.05597686767578,99.22000122070312,142.305419921875,146.73947143554688
2023-01-27,20.348325729370117,243.66461181640625,98.89718627929688,102.23999786376953,144.25277709960938,151.16256713867188
2023-01-30,19.146312713623047,238.3133087158203,96.4787368774414,100.55000305175781,141.35647583007812,146.50039672851562
2023-01-31,19.52100372314453,243.32093811035156,98.36970520019531,103.12999725341797,142.6316375732422,148.40310668945312
2023-02-01,20.92584991455078,248.17141723632812,99.95213317871094,105.1500015258789,143.75852966308594,152.5373077392578
2023-02-02,21.691225051879883,259.80682373046875,107.22734832763672,112.91000366210938,149.08657836914062,188.05165100097656
2023-02-03,21.08272361755371,253.6699981689453,104.28143310546875,103.38999938964844,152.72427368164062,185.8201904296875
2023-02-06,21.071735382080078,252.1186065673828,102.4103775024414,102.18000030517578,149.98609924316406,185.35195922851562
2023-02-07,22.154848098754883,262.7131652832031,107.12782287597656,102.11000061035156,152.87255859375,190.89080810546875
2023-02-08,22.186819076538086,261.8982238769531,98.89718627929688,100.05000305175781,150.1739501953125,182.73196411132812
2023-02-09,22.31871223449707,258.84454345703125,94.55792999267578,98.23999786376953,149.13601684570312,177.24295043945312
2023-02-10,21.247589111328125,258.333984375,94.12001037597656,97.61000061035156,149.50230407714844,173.48728942871094
2023-02-13,21.77016258239746,266.40509033203125,94.15982818603516,99.54000091552734,152.31394958496094,178.7471923828125
2023-02-14,22.952194213867188,267.2396240234375,94.2294921875,99.69999694824219,151.67044067382812,178.7969970703125
2023-02-15,22.745363235473633,265.1036376953125,96.4787368774414,101.16000366210938,153.77919006347656,176.48582458496094
2023-02-16,21.98398780822754,258.0458679199219,95.0555419921875,98.1500015258789,152.17535400390625,171.78379821777344
2023-02-17,21.37049102783203,254.0199432373047,93.90106201171875,97.19999694824219,151.02694702148438,172.2221221923828
2023-02-21,20.638090133666992,248.7143096923828,91.3532485961914,94.58000183105469,146.99757385253906,171.42515563964844
2023-02-22,20.73700714111328,247.5724639892578,91.21391296386719,95.79000091552734,147.4232635498047,170.4688262939453
2023-02-23,23.644624710083008,250.7814178466797,90.45752716064453,95.81999969482422,147.9083709716797,171.38531494140625
2023-02-24,23.266931533813477,245.3183135986328,88.70590209960938,93.5,145.2452392578125,169.74160766601562
2023-02-27,23.48175811767578,246.2436065673828,89.4423828125,93.76000213623047,146.44314575195312,168.8948211669922
2023-02-28,23.196992874145508,245.51516723632812,89.63147735595703,94.2300033569336,145.93826293945312,174.27427673339844
2023-03-01,22.679418563842773,242.41452026367188,89.9300537109375,92.16999816894531,143.8592071533203,172.76007080078125
2023-03-02,23.294910430908203,247.1787109375,91.56224060058594,92.12999725341797,144.45323181152344,173.86585998535156
2023-03-03,23.870441436767578,251.29327392578125,93.20439147949219,94.9000015258789,149.5220947265625,184.5450439453125
2023-03-06,23.53471565246582,252.84852600097656,94.67735290527344,93.75,152.2941436767578,184.19638061523438
2023-03-07,23.27288246154785,250.171142578125,93.41340637207031,93.55000305175781,150.08642578125,183.807861328125
2023-03-08,24.16530418395996,249.72816467285156,93.8015365600586,93.91999816894531,151.34373474121094,184.26611328125
2023-03-09,23.42078971862793,248.3697967529297,91.88072204589844,92.25,149.0865020751953,180.99859619140625
2023-03-10,22.95009422302246,244.69818115234375,90.1987533569336,90.7300033569336,147.01736450195312,178.82688903808594
2023-03-13,22.951093673706055,249.94471740722656,90.67648315429688,92.43000030517578,148.9677276611328,180.2115936279297
2023-03-14,24.047380447387695,256.70721435546875,93.52287292480469,94.87999725341797,151.0665283203125,193.28167724609375
2023-03-15,24.212276458740234,261.284423828125,95.6526870727539,96.19999694824219,151.4625701904297,196.9974822998047
2023-03-16,25.52442169189453,271.8759460449219,99.84265899658203,100.04000091552734,154.2939910888672,204.15016174316406
2023-03-17,25.70830535888672,275.0552978515625,101.13646697998047,98.94999694824219,153.4524688720703,194.86563110351562
2023-03-20,25.883188247680664,267.9680480957031,100.7383804321289,97.70999908447266,155.8284912109375,197.05726623535156
2023-03-21,26.181997299194336,269.4938049316406,104.42076873779297,100.61000061035156,157.68972778320312,201.3907012939453
2023-03-22,26.450822830200195,268.0271301269531,102.8781509399414,98.69999694824219,156.25421142578125,199.04965209960938
2023-03-23,27.173349380493164,273.3130798339844,105.0975341796875,98.70999908447266,157.3432159423828,203.50262451171875
2023-03-24,26.761621475219727,276.1775207519531,104.93830108642578,98.12999725341797,158.65005493164062,205.22604370117188
2023-03-27,26.513782501220703,272.05316162109375,101.97248077392578,98.04000091552734,156.69970703125,202.068115234375
2023-03-28,26.392860412597656,270.9211120605469,100.54927825927734,97.23999786376953,156.0760040283203,199.9163360595703
2023-03-29,26.966487884521484,276.1184997558594,100.90756225585938,100.25,159.1648712158203,204.5685577392578
2023-03-30,27.365230560302734,279.6030578613281,100.40994262695312,102.0,160.73898315429688,207.04908752441406
2023-03-31,27.758974075317383,283.7864990234375,103.23643493652344,103.29000091552734,163.2536163330078,211.13348388671875
2023-04-03,27.94685173034668,282.7332763671875,103.86343383789062,102.41000366210938,164.51095581054688,212.2592010498047
2023-04-04,27.435178756713867,282.68402099609375,104.22171783447266,103.94999694824219,163.9763641357422,213.90289306640625
2023-04-05,26.863554000854492,279.88848876953125,103.97291564941406,101.0999984741211,162.125,210.67523193359375
2023-04-06,27.019453048706055,287.0348205566406,107.90412139892578,102.05999755859375,163.01602172851562,215.27767944335938
2023-04-10,27.561098098754883,284.8594055175781,105.93354034423828,102.16999816894531,160.4122772216797,213.9327850341797
2023-04-11,27.1513671875,278.4021301269531,104.84871673583984,99.91999816894531,159.194580078125,213.03622436523438
2023-04-12,26.47780418395996,279.0517883300781,104.14209747314453,97.83000183105469,158.50155639648438,213.18563842773438
2023-04-13,26.445823669433594,285.3023986816406,106.91883087158203,102.4000015258789,163.9070587158203,219.511474609375
2023-04-14,26.740633010864258,281.6603088378906,108.35196685791016,102.51000213623047,163.560546875,220.6471405029297
2023-04-17,26.98447608947754,284.2786560058594,105.46577453613281,102.73999786376953,163.580322265625,218.02713012695312
2023-04-18,27.649044036865234,283.85540771484375,104.00276947021484,102.30000305175781,164.8079376220703,217.06085205078125
2023-04-19,27.91286849975586,283.93414306640625,103.68428802490234,104.30000305175781,165.95635986328125,214.87918090820312
2023-04-20,27.086408615112305,281.6307373046875,104.78900909423828,103.80999755859375,164.98614501953125,212.2592010498047
2023-04-21,27.101396560668945,281.2862548828125,104.90843963623047,106.95999908447266,163.3724365234375,212.07986450195312
2023-04-24,27.02444839477539,277.3587341308594,105.46577453613281,106.20999908447266,163.67933654785156,211.98023986816406
2023-04-25,26.223968505859375,271.108154296875,103.3558578491211,102.56999969482422,162.13491821289062,206.7601776123047
2023-04-26,26.938501358032227,290.74578857421875,103.2165298461914,104.9800033569336,162.125,208.6031494140625
2023-04-27,27.208330154418945,300.0577087402344,107.07807159423828,109.81999969482422,166.7285919189453,237.65219116210938
2023-04-28,27.73099136352539,302.4496765136719,106.8292465209961,105.44999694824219,167.9859161376953,239.40548706054688
2023-05-01,28.8912353515625,300.7762451171875,106.68991088867188,102.05000305175781,167.89678955078125,242.2545928955078
2023-05-02,28.191688537597656,300.62860107421875,104.81886291503906,103.62999725341797,166.85726928710938,238.32958984375
2023-05-03,27.78395652770996,299.6344299316406,104.90843963623047,103.6500015258789,165.77818298339844,236.12802124023438
2023-05-04,27.544109344482422,300.62860107421875,104.1918716430664,104.0,164.13473510742188,232.63136291503906
2023-05-05,28.661386489868164,305.7865295410156,105.06767272949219,105.66000366210938,171.8370819091797,231.8941650390625
2023-05-08,29.132078170776367,303.8179016113281,107.2572021484375,105.83000183105469,171.7677764892578,232.38232421875
2023-05-09,28.552457809448242,302.1937255859375,106.8392105102539,106.62000274658203,170.0550537109375,232.48191833496094
2023-05-10,28.866252899169922,307.42059326171875,111.21827697753906,110.19000244140625,171.82716369628906,232.19305419921875
2023-05-11,28.5594482421875,305.25506591796875,116.01533508300781,112.18000030517578,172.0153045654297,234.89273071289062
2023-05-12,28.321605682373047,304.13287353515625,116.95085906982422,110.26000213623047,171.0833740234375,232.9202423095703
2023-05-15,28.934206008911133,304.615234375,115.95561981201172,111.19999694824219,170.58766174316406,237.95103454589844
2023-05-16,29.194042205810547,306.8595275878906,118.94135284423828,113.4000015258789,170.58766174316406,237.9112091064453
2023-05-17,30.15841293334961,309.7598571777344,120.26502227783203,115.5,171.20233154296875,241.56723022460938
2023-05-18,31.657440185546875,314.21875,122.24554443359375,118.1500015258789,173.5419921875,245.91064453125
2023-05-19,31.243711471557617,314.0412292480469,122.17588806152344,116.25,173.65106201171875,244.70523071289062
2023-05-22,31.15576934814453,316.84283447265625,124.45498657226562,115.01000213623047,172.69931030273438,247.3750457763672
2023-05-23,30.668081283569336,311.0028381347656,121.9768295288086,114.98999786376953,170.08204650878906,245.8010711669922
2023-05-24,30.518178939819336,309.6118469238281,120.32473754882812,116.75,170.35963439941406,248.26165771484375
2023-05-25,37.955345153808594,321.51885986328125,122.89246368408203,115.0,171.49977111816406,251.72840881347656
2023-05-26,38.92072296142578,328.3947448730469,124.01708221435547,120.11000061035156,173.918701171875,261.0428161621094
2023-05-30,40.0849609375,326.7374572753906,123.08155822753906,121.66000366210938,175.77261352539062,261.5210266113281
2023-05-31,37.809444427490234,323.95550537109375,122.28536224365234,120.58000183105469,175.72305297851562,263.712646484375
2023-06-01,39.74419021606445,328.0888977050781,123.13130950927734,122.7699966430664,178.53857421875,271.5726318359375
2023-06-02,39.30147933959961,330.8708190917969,124.07678985595703,124.25,179.39117431640625,271.5726318359375
2023-06-05,39.14557647705078,331.4035339355469,125.4104232788086,125.30000305175781,178.03297424316406,270.3572692871094
2023-06-06,38.6289176940918,329.174072265625,126.70423126220703,126.61000061035156,177.66615295410156,270.0882568359375
2023-06-07,37.454551696777344,319.0131530761719,121.91712188720703,121.2300033569336,176.28814697265625,262.5968933105469
2023-06-08,38.488990783691406,320.8677673339844,121.558837890625,124.25,179.0144805908203,263.5731506347656
2023-06-09,38.748844146728516,322.3771057128906,121.6484146118164,123.43000030517578,179.40109252929688,263.9418029785156
2023-06-12,39.46045684814453,327.3687744140625,123.05168914794922,126.56999969482422,182.20669555664062,270.0185241699219
2023-06-13,40.99961853027344,329.7758483886719,123.24079895019531,126.66000366210938,181.73085021972656,270.28753662109375
2023-06-14,42.973541259765625,332.7846374511719,123.08155822753906,126.41999816894531,182.36534118652344,272.309814453125
2023-06-15,42.629730224609375,343.39935302734375,124.49478912353516,127.11000061035156,184.40756225585938,280.75750732421875
2023-06-16,42.66870880126953,337.707275390625,122.94222259521484,125.48999786376953,183.32696533203125,279.9306945800781
2023-06-20,43.784095764160156,333.4850769042969,122.51426696777344,125.77999877929688,183.41619873046875,283.24798583984375
2023-06-21,43.021507263183594,329.0556640625,119.97639465332031,124.83000183105469,182.37525939941406,280.5682678222656
2023-06-22,43.001529693603516,335.12261962890625,122.56403350830078,130.14999389648438,185.38905334472656,283.7959289550781
2023-06-23,42.18597412109375,330.4959411621094,121.75787353515625,129.3300018310547,185.07180786132812,287.63128662109375
2023-06-26,40.609832763671875,324.1627197265625,117.77690887451172,127.33000183105469,183.6739501953125,277.4103088378906
2023-06-27,41.8531494140625,330.05206298828125,117.76696014404297,129.17999267578125,186.43991088867188,285.9576416015625
2023-06-28,41.094566345214844,331.31475830078125,119.60816192626953,129.0399932861328,187.61968994140625,284.2043762207031
2023-06-29,40.79972839355469,330.52557373046875,118.53329467773438,127.9000015258789,187.9567413330078,280.4586486816406
2023-06-30,42.2789192199707,335.94140625,119.13043975830078,130.36000061035156,192.29901123046875,285.887939453125
2023-07-03,42.38985824584961,333.4258728027344,119.3294906616211,130.22000122070312,190.802001953125,284.93157958984375
2023-07-05,42.293914794921875,333.5837097167969,121.17069244384766,130.3800048828125,189.68174743652344,293.2497863769531
2023-07-06,42.08002853393555,336.6615295410156,119.53849029541016,128.36000061035156,190.1575927734375,290.8788757324219
2023-07-07,42.47980499267578,332.6662902832031,118.91149139404297,129.77999877929688,189.03736877441406,289.4244079589844
2023-07-10,42.156982421875,327.3489990234375,115.8958969116211,127.12999725341797,186.98519897460938,292.9808349609375
2023-07-11,42.381866455078125,327.98040771484375,116.58262634277344,128.77999877929688,186.4597625732422,297.1549072265625
2023-07-12,43.878047943115234,332.6465148925781,118.36410522460938,130.8000030517578,188.13519287109375,308.162841796875
2023-07-13,45.9519157409668,338.0328063964844,123.94741821289062,134.3000030517578,188.8985595703125,312.2173767089844
2023-07-14,45.44419479370117,340.5779724121094,124.82322692871094,134.67999267578125,189.04727172851562,307.6946105957031
2023-07-17,46.43565368652344,341.06134033203125,124.05689239501953,133.55999755859375,192.31884765625,309.4379577636719
2023-07-18,47.468082427978516,354.6355285644531,123.1711196899414,132.8300018310547,192.0610809326172,310.86248779296875
2023-07-19,47.05131530761719,350.2850646972656,121.44935607910156,135.36000061035156,193.4192657470703,314.8074645996094
2023-07-20,45.49516296386719,342.1859436035156,118.6328125,129.9600067138672,191.46627807617188,301.3688049316406
2023-07-21,44.284820556640625,339.1278076171875,119.44892120361328,130.0,190.28651428222656,293.1402282714844
2023-07-24,44.58766174316406,340.44970703125,120.95173645019531,128.8000030517578,191.08950805664062,290.50030517578125
2023-07-25,45.65407943725586,346.2404479980469,121.62850189208984,129.1300048828125,191.9520263671875,293.34942626953125
2023-07-26,45.42719650268555,333.2088317871094,128.6549072265625,128.14999389648438,192.8244171142578,297.433837890625
2023-07-27,45.874961853027344,326.25396728515625,128.78428649902344,128.25,191.55548095703125,310.5238037109375
2023-07-28,46.724491119384766,333.80072021484375,131.9491424560547,132.2100067138672,194.14300537109375,324.2414245605469
2023-07-31,46.70351028442383,331.38385009765625,132.0885009765625,133.67999267578125,194.75762939453125,317.3876037597656
2023-08-01,46.48162841796875,331.79815673828125,130.92405700683594,131.69000244140625,193.92489624023438,321.4819641113281
2023-08-02,44.24484634399414,323.0775146484375,127.76914978027344,128.2100067138672,190.92098999023438,313.1139221191406
2023-08-03,44.49071502685547,322.2489013671875,127.83880615234375,128.91000366210938,189.5231475830078,311.9981994628906
2023-08-04,44.65562438964844,323.3537292480469,127.50041961669922,139.57000732421875,180.42222595214844,309.54754638671875
2023-08-07,45.3922233581543,325.6522521972656,130.90414428710938,142.22000122070312,177.30926513671875,315.3553466796875
2023-08-08,44.63962936401367,321.6470642089844,130.77476501464844,139.94000244140625,178.25106811523438,311.4503173828125
2023-08-09,42.53078079223633,317.8786926269531,129.04306030273438,137.85000610351562,176.6549530029297,304.048583984375
2023-08-10,42.364871978759766,318.5692138671875,129.0729217529297,138.55999755859375,176.4368438720703,304.5765380859375
2023-08-11,40.832706451416016,316.6751708984375,128.9435272216797,138.41000366210938,176.49639892578125,300.4921569824219
2023-08-14,43.729122161865234,319.66424560546875,130.70509338378906,140.57000732421875,178.154296875,305.02484130859375
2023-08-15,43.91602325439453,317.513671875,129.16249084472656,137.6699981689453,176.1588897705078,300.80096435546875
2023-08-16,43.46227264404297,316.7425842285156,128.08761596679688,135.07000732421875,175.28530883789062,293.17010498046875
2023-08-17,43.32035446166992,313.2627868652344,129.3018035888672,133.97999572753906,172.73399353027344,284.0050964355469
2023-08-18,43.2753791809082,312.8673400878906,126.853515625,133.22000122070312,173.22044372558594,282.1721496582031
2023-08-21,46.941375732421875,318.2057189941406,127.75918579101562,134.67999267578125,174.5605926513672,288.79681396484375
2023-08-22,45.64308166503906,318.779052734375,128.4658203125,134.25,175.94049072265625,286.50555419921875
2023-08-23,47.09029769897461,323.2672424316406,131.74014282226562,135.52000427246094,179.80218505859375,293.12030029296875
2023-08-24,47.13726806640625,316.3174743652344,129.16249084472656,131.83999633789062,175.0966796875,285.6588134765625
2023-08-25,45.992897033691406,319.2931213378906,129.26199340820312,133.25999450683594,177.31044006347656,284.4136047363281
2023-08-28,46.809444427490234,320.0049133300781,130.38661193847656,133.13999938964844,178.87893676757812,289.15545654296875
2023-08-29,48.75738525390625,324.6611633300781,133.92970275878906,134.91000366210938,182.78036499023438,296.8560485839844
2023-08-30,49.23711395263672,325.03680419921875,135.23345947265625,135.07000732421875,186.28466796875,293.97705078125
2023-08-31,49.328067779541016,324.01861572265625,135.52207946777344,138.00999450683594,186.5030517578125,294.7640380859375
2023-09-01,48.482540130615234,324.9083251953125,135.01451110839844,138.1199951171875,188.0814971923828,295.2521667480469
2023-09-05,48.521514892578125,329.74249267578125,135.1239776611328,137.27000427246094,188.31976318359375,299.0078125
2023-09-06,47.03919982910156,329.0801696777344,133.82022094726562,135.36000061035156,181.5791473388672,298.03155517578125
2023-09-07,46.21957778930664,326.14404296875,134.61639404296875,137.85000610351562,176.26808166503906,297.5334777832031
2023-09-08,45.55088424682617,330.4542541503906,135.7310791015625,138.22999572753906,176.88356018066406,296.75640869140625
2023-09-11,45.15707015991211,334.0823669433594,136.26849365234375,143.10000610351562,178.05499267578125,306.3896179199219
2023-09-12,44.84920883178711,327.9827575683594,134.69602966308594,141.22999572753906,175.0172576904297,300.5120544433594
2023-09-13,45.46392822265625,332.2237854003906,136.0595245361328,144.85000610351562,172.9424591064453,303.8991394042969
2023-09-14,45.55988693237305,334.8337097167969,137.44290161132812,144.72000122070312,174.46133422851562,310.53375244140625
2023-09-15,43.87966537475586,326.45050048828125,136.7462158203125,140.38999938964844,173.7366180419922,299.16717529296875
2023-09-18,43.94562530517578,325.3037414550781,137.55238342285156,139.97999572753906,176.6750946044922,301.3987121582031
2023-09-19,43.49983596801758,324.89837646484375,137.38316345214844,137.6300048828125,177.76712036132812,303.9090881347656
2023-09-20,42.21943283081055,317.1083679199219,133.1036376953125,135.2899932861328,174.21315002441406,298.5296325683594
2023-09-21,40.99799728393555,315.8825378417969,129.8193359375,129.3300018310547,172.66448974609375,294.6046142578125
2023-09-22,41.59071731567383,313.3912658691406,129.6302490234375,129.1199951171875,173.51821899414062,297.9418640136719
2023-09-25,42.20243835449219,313.91522216796875,130.48614501953125,131.27000427246094,174.79885864257812,299.6851806640625
2023-09-26,41.89158630371094,308.5768737792969,127.958251953125,125.9800033569336,170.70884704589844,297.82232666015625
2023-09-27,42.448326110839844,309.21942138671875,129.9188690185547,125.9800033569336,169.18994140625,296.6069641113281
2023-09-28,43.069034576416016,310.059814453125,131.68045043945312,125.9800033569336,169.44808959960938,302.8033142089844
2023-09-29,43.478843688964844,312.1456298828125,130.2373504638672,127.12000274658203,169.9642791748047,299.0675964355469
2023-10-02,44.76124954223633,318.1266174316406,133.53160095214844,129.4600067138672,172.48582458496094,305.6524353027344
2023-10-03,43.4968376159668,309.8126220703125,131.7998809814453,124.72000122070312,171.1456298828125,299.7948303222656
2023-10-04,44.020599365234375,315.3190002441406,134.5965118408203,127.0,172.39645385742188,304.4171447753906
2023-10-05,44.66729736328125,315.7144470214844,134.42730712890625,125.95999908447266,173.63734436035156,303.63018798828125
2023-10-06,45.74079895019531,323.5242919921875,136.9253692626953,127.95999908447266,176.1986083984375,314.2296447753906
2023-10-09,45.25202178955078,326.0550537109375,137.76136779785156,128.25999450683594,177.6876983642578,317.14849853515625
2023-10-10,45.77678298950195,324.6413879394531,137.40309143066406,129.47999572753906,177.092041015625,320.61529541015625
2023-10-11,46.78432083129883,328.62542724609375,139.88125610351562,131.8300018310547,178.4917755126953,326.572509765625
2023-10-12,46.923248291015625,327.3797912597656,138.3087615966797,132.3300018310547,179.39517211914062,322.92645263671875
2023-10-13,45.439937591552734,323.9889221191406,136.70640563964844,129.7899932861328,177.5487060546875,313.49249267578125
2023-10-16,46.073646545410156,328.8428649902344,138.43814086914062,132.5500030517578,177.41964721679688,319.9278869628906
2023-10-17,43.91764450073242,328.26947021484375,139.05519104003906,131.47000122070312,175.86105346679688,322.76702880859375
2023-10-18,42.17645263671875,326.34173583984375,137.30355834960938,128.1300048828125,174.5605926513672,315.7638244628906
2023-10-19,42.08149719238281,327.53790283203125,137.0945587158203,128.39999389648438,174.1833953857422,311.6195983886719
2023-10-20,41.36782455444336,322.9410400390625,134.95480346679688,125.16999816894531,171.6221466064453,307.4754333496094
2023-10-23,42.95509338378906,325.5607604980469,135.8505096435547,126.55999755859375,171.7412567138672,312.8150634765625
2023-10-24,43.642765045166016,326.7569885253906,138.14950561523438,128.55999755859375,172.17807006835938,311.3606262207031
2023-10-25,41.7596435546875,336.7812194824219,125.01232147216797,121.38999938964844,169.8551025390625,298.3901672363281
2023-10-26,40.30731964111328,324.1470947265625,121.69816589355469,119.56999969482422,165.67572021484375,287.2527160644531
2023-10-27,40.48123550415039,326.0451965332031,121.58869171142578,127.73999786376953,166.99606323242188,295.600830078125
2023-10-30,41.14193344116211,333.4595947265625,123.8677978515625,132.7100067138672,169.05096435546875,301.5082702636719
2023-10-31,40.7611083984375,334.25042724609375,123.48960876464844,133.08999633789062,169.52749633789062,300.12353515625
2023-11-01,42.305397033691406,342.11956787109375,125.84832000732422,137.0,172.70420837402344,310.66326904296875
2023-11-02,43.485843658447266,344.3438720703125,126.88337707519531,138.07000732421875,176.2780303955078,309.68701171875
2023-11-03,44.98414993286133,348.77276611328125,128.48573303222656,138.60000610351562,175.3647003173828,313.40283203125
2023-11-06,45.72980499267578,352.4601745605469,129.6302490234375,139.74000549316406,177.92593383789062,314.5982360839844
2023-11-07,45.933712005615234,356.4145202636719,130.34681701660156,142.7100067138672,180.4971160888672,317.6067810058594
2023-11-08,46.55242156982422,359.0540466308594,131.21267700195312,142.0800018310547,181.559326171875,318.5631103515625
2023-11-09,46.92824935913086,356.57269287109375,129.6202850341797,140.60000610351562,181.08279418945312,319.3301696777344
2023-11-10,48.31260681152344,365.4501647949219,131.95912170410156,143.55999755859375,185.2875518798828,327.5188903808594
2023-11-13,48.59747314453125,362.4942932128906,131.4614715576172,142.58999633789062,183.6970977783203,327.9372863769531
2023-11-14,49.63299560546875,366.0433044433594,132.9842071533203,145.8000030517578,186.32135009765625,335.03021240234375
2023-11-15,48.865352630615234,366.19189453125,133.9794464111328,143.1999969482422,186.887939453125,331.4438781738281
2023-11-16,49.45707702636719,372.6307678222656,136.27845764160156,142.8300018310547,188.5778045654297,332.9182434082031
2023-11-17,49.27516555786133,366.3702087402344,134.66615295410156,145.17999267578125,188.5579376220703,333.76507568359375
2023-11-20,50.38564682006836,373.8888244628906,135.60169982910156,146.1300048828125,190.30740356445312,338.67626953125
2023-11-21,49.920860290527344,369.5599365234375,136.31826782226562,143.89999389648438,189.50225830078125,335.6976318359375
2023-11-22,48.69343185424805,374.29498291015625,137.83103942871094,146.7100067138672,190.16824340820312,340.19049072265625
2023-11-24,47.75386428833008,373.87884521484375,136.0395965576172,146.74000549316406,188.83624267578125,336.9429016113281
2023-11-27,48.21965408325195,375.04779052734375,135.7609405517578,147.72999572753906,188.65731811523438,333.4263610839844
2023-11-28,47.7988395690918,379.09930419921875,136.5471649169922,147.02999877929688,189.26368713378906,337.70001220703125
2023-11-29,48.117698669433594,375.2855224609375,134.34768676757812,146.32000732421875,188.2398223876953,330.9358825683594
2023-11-30,46.74833679199219,375.3450012207031,131.89938354492188,146.08999633789062,188.8163604736328,325.9050598144531
2023-12-01,46.74333572387695,370.9864196777344,131.2325897216797,147.02999877929688,190.09866333007812,323.5839538574219
2023-12-04,45.48891830444336,365.6669006347656,128.6549072265625,144.83999633789062,188.29946899414062,318.8022155761719
2023-12-05,46.548519134521484,369.01507568359375,130.36672973632812,146.8800048828125,192.26565551757812,317.07879638671875
2023-12-06,45.48591613769531,365.3300476074219,129.40135192871094,144.52000427246094,191.17222595214844,316.2419738769531
2023-12-07,46.57851028442383,367.4598693847656,136.27845764160156,146.8800048828125,193.110595703125,325.3471984863281
2023-12-08,47.48816680908203,370.708984375,134.34768676757812,147.4199981689453,194.5419921875,331.4837341308594
2023-12-11,46.6094970703125,367.80657958984375,132.65576171875,145.88999938964844,192.027099609375,324.04217529296875
2023-12-12,47.63911056518555,370.85760498046875,131.8894500732422,147.47999572753906,193.54795837402344,332.94818115234375
2023-12-13,48.069950103759766,370.8476867675781,131.939208984375,148.83999633789062,196.77854919433594,333.4661560058594
2023-12-14,48.33184814453125,362.4870910644531,131.31219482421875,147.4199981689453,196.9276580810547,331.9021301269531
2023-12-15,48.87164306640625,367.241943359375,131.9690704345703,149.97000122070312,196.39089965820312,333.6455078125
2023-12-18,50.05820083618164,369.14385986328125,135.15383911132812,154.07000732421875,194.7209014892578,343.3085632324219
2023-12-19,49.58537673950195,369.7481384277344,135.99978637695312,153.7899932861328,195.76466369628906,349.0267333984375
2023-12-20,48.09294128417969,367.1329650878906,137.68174743652344,152.1199951171875,193.667236328125,347.95086669921875
2023-12-21,48.97161102294922,370.0254821777344,139.75184631347656,153.83999633789062,193.5181121826172,352.7425231933594
2023-12-22,48.81167221069336,371.0556640625,140.81675720214844,153.4199981689453,192.44459533691406,352.0451965332031
2023-12-26,49.260498046875,371.1349792480469,140.84661865234375,153.41000366210938,191.8978729248047,353.4797058105469
2023-12-27,49.39844512939453,370.5505065917969,139.70208740234375,153.33999633789062,191.9972686767578,356.46832275390625
2023-12-28,49.50341033935547,371.7491149902344,139.56275939941406,153.3800048828125,192.42469787597656,356.95648193359375
2023-12-29,49.50341033935547,372.5019836425781,139.02532958984375,151.94000244140625,191.38096618652344,352.6130676269531
2024-01-02,48.14991760253906,367.380615234375,137.51255798339844,149.92999267578125,184.53208923339844,344.9722595214844
2024-01-03,47.551143646240234,367.1131591796875,138.2589874267578,148.47000122070312,183.150390625,343.1591796875
2024-01-04,47.979984283447266,364.4781799316406,135.74102783203125,144.57000732421875,180.82435607910156,345.799072265625
2024-01-05,49.07856369018555,364.28997802734375,135.0841827392578,145.24000549316406,180.09869384765625,350.6106872558594
2024-01-08,52.23338317871094,371.1646728515625,138.1793670654297,149.10000610351562,184.4525604248047,357.295166015625
2024-01-09,53.120052337646484,372.2543640136719,140.2793426513672,151.3699951171875,184.03506469726562,356.06982421875
2024-01-10,54.32959747314453,379.16864013671875,141.60299682617188,153.72999572753906,185.0788116455078,369.0602111816406
2024-01-11,54.80141830444336,381.0111389160156,141.40396118164062,155.17999267578125,184.48236083984375,368.26324462890625
2024-01-12,54.68946075439453,384.8150329589844,141.9712371826172,154.6199951171875,184.81039428710938,373.06488037109375
2024-01-16,56.360836029052734,386.59808349609375,141.81201171875,153.16000366210938,182.53408813476562,366.0616455078125
2024-01-17,56.03196334838867,385.8056640625,140.796875,151.7100067138672,181.58973693847656,366.9681701660156
2024-01-18,57.0855598449707,390.1642150878906,142.79730224609375,153.5,187.50425720214844,374.69866943359375
2024-01-19,59.468666076660156,394.9190368652344,145.6835174560547,155.33999633789062,190.416748046875,381.9908142089844
2024-01-22,59.63160705566406,392.7793884277344,145.2953643798828,154.77999877929688,192.73284912109375,380.3271484375
2024-01-23,59.850528717041016,395.14691162109375,146.34034729003906,156.02000427246094,194.01513671875,383.7341613769531
2024-01-24,61.33897018432617,398.7724609375,147.99244689941406,156.8699951171875,193.33920288085938,389.2132263183594
2024-01-25,61.593868255615234,401.06072998046875,151.14736938476562,157.75,193.0111846923828,391.68377685546875
2024-01-26,61.00809097290039,400.1295471191406,151.46585083007812,159.1199951171875,191.27162170410156,392.6401672363281
2024-01-29,62.441551208496094,405.8651123046875,152.77955627441406,161.25999450683594,190.5857391357422,399.4939270019531
2024-01-30,62.750431060791016,404.7457275390625,150.7393341064453,159.0,186.91775512695312,398.53759765625
2024-01-31,61.50390625,393.83929443359375,139.43338012695312,155.1999969482422,183.29946899414062,388.6553955078125
2024-02-01,63.00334167480469,399.9809875488281,140.48834228515625,159.27999877929688,185.74481201171875,393.2777099609375
2024-02-02,66.13516235351562,407.3509826660156,141.70252990722656,171.80999755859375,184.74082946777344,473.1824645996094
2024-02-05,69.30597686767578,401.8333740234375,142.996337890625,170.30999755859375,186.55990600585938,457.6617431640625
2024-02-06,68.19739532470703,401.67486572265625,143.4143524169922,169.14999389648438,188.1702423095703,452.9896240234375
2024-02-07,70.07267761230469,410.1543273925781,144.84750366210938,170.52999877929688,188.27960205078125,467.8030090332031
2024-02-08,69.61485290527344,410.2137756347656,145.2157440185547,169.83999633789062,187.19610595703125,468.21142578125
2024-02-09,72.1059341430664,416.5931701660156,148.29104614257812,174.4499969482422,187.96246337890625,466.3286437988281
2024-02-12,72.22087860107422,411.35296630859375,146.82801818847656,172.33999633789062,186.2704620361328,467.11566162109375
2024-02-13,72.10093688964844,402.4971008300781,144.4493865966797,168.63999938964844,184.1703643798828,458.3690490722656
2024-02-14,73.87226104736328,406.3873596191406,145.24560546875,170.97999572753906,183.2845458984375,471.4789733886719
2024-02-15,72.63072204589844,403.4795837402344,142.09068298339844,169.8000030517578,182.9959259033203,482.1880798339844
2024-02-16,72.58573913574219,400.9985046386719,139.85137939453125,169.50999450683594,181.45318603515625,471.5188293457031
2024-02-20,69.42593383789062,399.7381591796875,140.44851684570312,167.0800018310547,180.70672607421875,469.9548034667969
2024-02-21,67.4466781616211,399.13275146484375,141.87171936035156,168.58999633789062,181.4631805419922,466.74365234375
2024-02-22,78.5085220336914,408.531005859375,143.40438842773438,174.5800018310547,183.5035400390625,484.7939147949219
2024-02-23,78.78742218017578,407.23089599609375,143.2750244140625,174.99000549316406,181.66221618652344,482.69970703125
2024-02-26,79.06232452392578,404.4521789550781,136.91542053222656,174.72999572753906,180.30860900878906,480.4159851074219
2024-02-27,78.67144775390625,404.39263916015625,138.21917724609375,173.5399932861328,181.77169799804688,485.71136474609375
2024-02-28,77.63385772705078,404.6307678222656,135.7310791015625,173.16000366210938,180.56739807128906,482.689697265625
2024-02-29,79.0822982788086,410.5059814453125,137.8011932373047,176.75999450683594,179.90054321289062,488.7829284667969
2024-03-01,82.24810791015625,412.3518371582031,136.48745727539062,178.22000122070312,178.81565856933594,500.91943359375
2024-03-04,85.20500183105469,411.7762451171875,132.7154998779297,177.5800018310547,174.277099609375,496.8207702636719
2024-03-05,85.93576049804688,399.59918212890625,132.0387420654297,174.1199951171875,169.3204803466797,488.8726501464844
2024-03-06,88.67086029052734,399.0434265136719,130.77476501464844,173.50999450683594,168.32518005371094,494.7265319824219
2024-03-07,92.6385498046875,406.0400695800781,133.7406005859375,176.82000732421875,168.20574951171875,510.78228759765625
2024-03-08,87.49925231933594,403.14215087890625,134.7657012939453,175.35000610351562,169.92762756347656,504.5594787597656
2024-03-11,85.7458267211914,401.4550476074219,137.0149383544922,171.9600067138672,171.93814086914062,482.2608642578125
2024-03-12,91.8828125,412.1335144042969,137.8409881591797,175.38999938964844,172.41586303710938,498.37646484375
2024-03-13,90.85814666748047,411.9548645019531,139.1248321533203,176.55999755859375,170.3257598876953,494.20794677734375
2024-03-14,87.91510772705078,421.9981689453125,142.41909790039062,178.75,172.1869659423828,490.4782409667969
2024-03-15,87.80814361572266,413.2648620605469,140.50823974609375,174.4199981689453,171.80873107910156,482.7695007324219
2024-03-18,88.42594909667969,414.15802001953125,146.97731018066406,174.47999572753906,172.90357971191406,495.61407470703125
2024-03-19,89.36863708496094,418.2170715332031,146.3303985595703,175.89999389648438,175.2524871826172,494.8761291503906
2024-03-20,90.34231567382812,422.0081481933594,148.03225708007812,178.14999389648438,177.83030700683594,504.130615234375
2024-03-21,91.40496063232422,426.1167297363281,146.897705078125,178.14999389648438,170.56460571289062,506.3644714355469
2024-03-22,94.25802612304688,425.49151611328125,150.0526123046875,178.8699951171875,171.47035217285156,508.179443359375
2024-03-25,94.97078704833984,419.65606689453125,149.35594177246094,179.7100067138672,170.0470733642578,501.6374816894531
2024-03-26,92.53059387207031,418.4552001953125,149.9530792236328,178.3000030517578,168.9124298095703,494.527099609375
2024-03-27,90.22034454345703,418.2369079589844,150.15211486816406,179.8300018310547,172.49551391601562,492.5026550292969
2024-03-28,90.3263168334961,417.5322570800781,150.2118377685547,180.3800048828125,170.67410278320312,484.24542236328125
2024-04-01,90.33331298828125,421.3531188964844,154.75015258789062,180.97000122070312,169.2309112548828,489.99957275390625
2024-04-02,89.42261505126953,418.246826171875,153.82455444335938,180.69000244140625,168.0465087890625,496.0030212402344
2024-04-03,88.93477630615234,417.26434326171875,154.18284606933594,182.41000366210938,168.85269165039062,505.3472595214844
2024-04-04,85.87677764892578,414.71380615234375,149.81375122070312,180.0,168.026611328125,509.51580810546875
2024-04-05,87.97909545898438,422.2959289550781,151.7743682861328,185.07000732421875,168.7830352783203,525.8906860351562
2024-04-08,87.10437774658203,421.3729553222656,154.1132049560547,185.19000244140625,167.65834045410156,517.8229370117188
2024-04-09,85.3259506225586,423.0501708984375,155.85487365722656,185.6699981689453,168.87261962890625,515.4793701171875
2024-04-10,87.01040649414062,420.05303955078125,155.3970489501953,185.9499969482422,166.9915008544922,518.4013061523438
2024-04-11,90.58623504638672,424.6876525878906,158.65150451660156,189.0500030517578,174.21737670898438,521.7221069335938
2024-04-12,88.15703582763672,418.7033386230469,156.97947692871094,186.1300048828125,175.72027587890625,510.4930725097656
2024-04-15,85.97274017333984,410.5059814453125,154.12315368652344,183.6199951171875,171.87840270996094,498.8551940917969
2024-04-16,87.38628387451172,411.43878173828125,153.66531372070312,183.32000732421875,168.58399963378906,498.386474609375
2024-04-17,84.00739288330078,408.71954345703125,154.73023986816406,181.27999877929688,167.21046447753906,492.81182861328125
2024-04-18,84.64318084716797,401.2069091796875,155.2676544189453,179.22000122070312,166.25494384765625,500.42083740234375
2024-04-19,76.17497253417969,396.095947265625,153.35679626464844,174.6300048828125,164.2245635986328,479.7478332519531
2024-04-22,79.49188232421875,397.9219970703125,155.53639221191406,177.22999572753906,165.06060791015625,480.406005859375
2024-04-23,82.39592742919922,404.48193359375,157.5069580078125,179.5399932861328,166.11561584472656,494.73651123046875
2024-04-24,79.65082550048828,405.96063232421875,158.3728485107422,176.58999633789062,168.22567749023438,492.1436462402344
2024-04-25,82.6048583984375,396.0165710449219,155.25772094726562,173.6699981689453,169.09158325195312,440.1669006347656
2024-04-26,87.70619201660156,403.2414245605469,171.1318359375,179.6199951171875,168.5043487548828,442.0716552734375
2024-04-29,87.72816467285156,399.2022705078125,165.3594207763672,180.9600067138672,172.68460083007812,431.43096923828125
2024-04-30,86.37362670898438,386.380126953125,162.00546264648438,175.0,169.52951049804688,428.98773193359375
2024-05-01,83.01371765136719,391.9476013183594,163.08030700683594,179.0,168.5043487548828,437.9828796386719
2024-05-02,85.78881072998047,394.8256530761719,165.82717895507812,184.72000122070312,172.21682739257812,440.4660949707031
2024-05-03,88.75983428955078,403.5788269042969,166.44422912597656,186.2100067138672,182.51817321777344,450.7178039550781
2024-05-06,92.10972595214844,410.40667724609375,167.30015563964844,188.6999969482422,180.8560333251953,464.40008544921875
2024-05-07,90.52425384521484,406.238525390625,170.43515014648438,188.75999450683594,181.54278564453125,466.95306396484375
2024-05-08,90.3823013305664,407.429443359375,168.57406616210938,188.0,181.8811798095703,471.3011169433594
2024-05-09,88.71784973144531,409.1959228515625,169.1512908935547,189.5,183.70260620117188,474.11334228515625
2024-05-10,89.84847259521484,411.59759521484375,167.8475341796875,187.47999572753906,182.4368438720703,474.8912353515625
2024-05-13,90.36930847167969,410.5853271484375,168.33518981933594,186.57000732421875,185.656005859375,466.7237243652344
2024-05-14,91.32599639892578,413.40380859375,169.5294952392578,187.07000732421875,186.8021697998047,470.5531921386719
2024-05-15,94.5988998413086,420.6317443847656,171.6891632080078,185.99000549316406,189.08450317382812,480.2165222167969
2024-05-16,94.3280029296875,418.5538635253906,173.35121154785156,183.6300048828125,189.2041015625,471.9293518066406
2024-05-17,92.4486083984375,417.7783508300781,175.22227478027344,184.6999969482422,189.23399353027344,470.6130065917969
2024-05-20,94.74887084960938,422.8786315917969,176.07818603515625,183.5399932861328,190.40008544921875,467.5514221191406
2024-05-21,95.35466766357422,426.5572814941406,177.00375366210938,183.14999389648438,191.70570373535156,463.35302734375
2024-05-22,94.91880798339844,428.0286865234375,175.54074096679688,183.1300048828125,190.2605438232422,466.4943542480469
2024-05-23,103.7649154663086,424.5290832519531,172.72421264648438,181.0500030517578,186.25401306152344,464.4998474121094
2024-05-24,106.43402862548828,427.6707763671875,174.15736389160156,180.75,189.3436279296875,476.9056701660156
2024-05-28,113.86357879638672,427.8298645019531,175.56065368652344,182.14999389648438,189.3535919189453,478.60101318359375
2024-05-29,114.78727722167969,426.6864929199219,175.0630340576172,182.02000427246094,189.652587890625,473.05621337890625
2024-05-30,110.46369171142578,412.2704162597656,171.29107666015625,179.32000732421875,190.6492462158203,465.7663269042969
2024-05-31,109.59699249267578,412.7277526855469,171.67919921875,176.44000244140625,191.60601806640625,465.54693603515625
2024-06-03,114.96221923828125,411.1270751953125,172.3460235595703,178.33999633789062,193.38006591796875,476.17767333984375
2024-06-04,116.39875030517578,413.6623229980469,172.9630584716797,179.33999633789062,193.69898986816406,475.67901611328125
2024-06-05,122.3997802734375,421.5563659667969,174.57537841796875,181.27999877929688,195.21389770507812,493.6993713378906
2024-06-06,120.958251953125,422.0633850097656,175.88906860351562,185.0,193.8285675048828,492.4029541015625
2024-06-07,120.8482894897461,421.3973083496094,173.62989807128906,184.3000030517578,196.23046875,491.6051330566406
2024-06-10,121.74999237060547,425.39404296875,174.37716674804688,187.05999755859375,192.4730987548828,501.2186584472656
2024-06-11,120.88021850585938,430.1761779785156,175.98133850097656,187.22999572753906,206.45611572265625,506.07525634765625
2024-06-12,125.16915130615234,438.5076904296875,177.14710998535156,186.88999938964844,212.35630798339844,507.4414978027344
2024-06-13,129.5780792236328,439.0246887207031,174.52662658691406,183.8300018310547,213.52236938476562,502.71453857421875
2024-06-14,131.84750366210938,440.00897216796875,176.1507110595703,183.66000366210938,211.77822875976562,503.2735595703125
2024-06-17,130.94773864746094,445.775390625,176.59910583496094,184.05999755859375,215.94422912597656,505.7392272949219
2024-06-18,135.54660034179688,443.75714111328125,174.45687866210938,182.80999755859375,213.5721893310547,498.61175537109375
2024-06-20,130.74777221679688,443.120849609375,175.66250610351562,186.10000610351562,208.97763061523438,500.8179016113281
2024-06-21,126.53881072998047,447.17724609375,178.98048400878906,189.0800018310547,206.79498291015625,493.9100341796875
2024-06-24,118.08089447021484,445.0794677734375,178.5719451904297,185.57000732421875,207.44281005859375,498.03277587890625
2024-06-25,126.05892944335938,448.3404541015625,183.3645477294922,186.33999633789062,208.36968994140625,509.7022399902344
2024-06-26,126.36885070800781,449.54345703125,183.21510314941406,193.61000061035156,212.5356903076172,512.2178344726562
2024-06-27,123.95944213867188,450.2294921875,184.73956298828125,197.85000610351562,213.3828582763672,518.646484375
2024-06-28,123.50955963134766,444.3636169433594,181.49134826660156,193.25,209.9144744873047,503.33343505859375
2024-07-01,124.26937866210938,454.0870361328125,182.3283233642578,197.1999969482422,216.02395629882812,503.7926330566406
2024-07-02,122.6397705078125,456.62225341796875,184.57017517089844,200.0,219.53216552734375,508.6041564941406
2024-07-03,128.24839782714844,458.1036376953125,185.14808654785156,197.58999633789062,220.80789184570312,509.0633544921875
2024-07-05,125.79900360107422,464.8543395996094,189.9108123779297,200.0,225.5818328857422,538.9606323242188
2024-07-08,128.16839599609375,463.5419921875,188.34646606445312,199.2899932861328,227.056884765625,528.3893432617188
2024-07-09,131.34764099121094,456.8807678222656,188.29666137695312,199.33999633789062,227.9139862060547,529.068115234375
2024-07-10,134.87677001953125,463.55194091796875,190.4886932373047,199.7899932861328,232.19960021972656,533.7498779296875
2024-07-11,127.36860656738281,452.0687561035156,184.89898681640625,195.0500030517578,226.80772399902344,511.79852294921875
2024-07-12,129.20816040039062,450.9254150390625,184.4008026123047,194.49000549316406,229.76776123046875,497.9928283691406
2024-07-15,128.40835571289062,451.33306884765625,185.8555145263672,192.72000122070312,233.61483764648438,495.2876281738281
2024-07-16,126.32887268066406,446.9187316894531,183.2549591064453,193.02000427246094,234.03343200683594,488.9288330078125
2024-07-17,117.96092224121094,440.9534606933594,180.36544799804688,187.92999267578125,228.1133270263672,461.17767333984375
2024-07-18,121.0601577758789,437.82171630859375,177.0474853515625,183.75,223.4290771484375,475.0133361816406
2024-07-19,117.90093994140625,434.5805358886719,177.01759338378906,183.1300048828125,223.55862426757812,475.9516906738281
2024-07-22,123.50955963134766,440.3768310546875,181.01307678222656,182.5500030517578,223.20980834960938,486.5429992675781
2024-07-23,122.5597915649414,442.2757873535156,181.1326446533203,186.41000366210938,224.25628662109375,487.83074951171875
2024-07-24,114.22184753417969,426.4180603027344,172.0057830810547,180.8300018310547,217.80796813964844,460.45892333984375
2024-07-25,112.25233459472656,415.9788513183594,166.67510986328125,179.85000610351562,216.76148986816406,452.61279296875
2024-07-26,113.03214263916016,422.8090515136719,166.3961181640625,182.5,217.2299041748047,464.8811950683594
2024-07-29,111.5625,424.2606506347656,168.9169921875,183.1999969482422,217.50897216796875,464.8911437988281
2024-07-30,103.7044448852539,420.47265625,169.6742401123047,181.7100067138672,218.0670928955078,462.3755798339844
2024-07-31,116.99115753173828,415.92913818359375,170.91970825195312,186.97999572753906,221.3361053466797,473.9951171875
2024-08-01,109.18309783935547,414.6962585449219,170.1425323486328,184.07000732421875,217.62857055664062,496.86480712890625
2024-08-02,107.24356842041016,406.12615966796875,166.057373046875,167.89999389648438,219.12355041503906,487.2817077636719
2024-08-05,100.42524719238281,392.8633728027344,158.67416381835938,161.02000427246094,208.5690155029297,474.8935546875
2024-08-06,104.22430419921875,397.29754638671875,157.71762084960938,161.92999267578125,206.53585815429688,493.2212219238281
2024-08-07,98.88563537597656,396.1243591308594,158.36526489257812,162.77000427246094,209.1171875,488.06036376953125
2024-08-08,104.94413757324219,400.3597412109375,161.44410705566406,165.8000030517578,212.59547424316406,508.7339172363281
2024-08-09,104.72418975830078,403.67047119140625,163.0781707763672,166.94000244140625,215.51568603515625,516.859619140625
2024-08-12,108.99313354492188,404.4559020996094,161.70315551757812,166.8000030517578,217.0522918701172,515.0427856445312
2024-08-13,116.11138153076172,411.6142578125,163.56640625,170.22999572753906,220.78407287597656,527.6106567382812
2024-08-14,118.05091094970703,414.4477233886719,159.79010009765625,170.10000610351562,221.23309326171875,525.8338623046875
2024-08-15,122.82972717285156,419.34808349609375,160.7167510986328,177.58999633789062,224.22650146484375,536.3851928710938
2024-08-16,124.54930877685547,416.7983093261719,162.37074279785156,177.05999755859375,225.5535888671875,526.4926147460938
2024-08-19,129.96795654296875,419.8460693359375,166.06732177734375,178.22000122070312,225.39393615722656,528.349365234375
2024-08-20,127.2186508178711,423.10302734375,166.5754852294922,178.8800048828125,226.0125732421875,525.8038330078125
2024-08-21,128.46835327148438,422.4456787109375,165.2502899169922,180.11000061035156,225.90280151367188,534.218994140625
2024-08-22,123.70950317382812,413.88995361328125,163.20770263671875,176.1300048828125,224.03692626953125,530.9947509765625
2024-08-23,129.33811950683594,415.1250305175781,165.02110290527344,177.0399932861328,226.3418426513672,527.0715942382812
2024-08-26,126.42884063720703,411.8382263183594,165.55917358398438,175.5,226.68109130859375,520.2037353515625
2024-08-27,128.26840209960938,412.18682861328125,164.0845184326172,173.1199951171875,227.5292205810547,518.187255859375
2024-08-28,125.57905578613281,408.9597473144531,162.2611541748047,170.8000030517578,225.99261474609375,515.871337890625
2024-08-29,117.56102752685547,411.4696960449219,161.19500732421875,172.1199951171875,229.28536987304688,517.3087768554688
2024-08-30,119.34059143066406,415.4736328125,162.7892303466797,178.5,228.49710083007812,520.3934326171875
2024-09-03,107.973388671875,407.80438232421875,156.79100036621094,176.25,222.28077697753906,510.86016845703125
2024-09-04,106.18383026123047,407.26654052734375,155.88429260253906,173.3300018310547,220.36500549316406,511.8384094238281
2024-09-05,107.18358612060547,406.75860595703125,156.6714324951172,177.88999938964844,221.89163208007812,515.951171875
2024-09-06,102.8046646118164,400.0953369140625,150.374267578125,171.38999938964844,220.3350830078125,499.3903503417969
2024-09-09,106.44377136230469,404.0992431640625,148.368896484375,175.39999389648438,220.42486572265625,503.9024353027344
2024-09-10,108.0733642578125,412.5453796386719,148.31900024414062,179.5500030517578,219.6266326904297,503.9024353027344
2024-09-11,116.8812026977539,421.3500671386719,150.8132781982422,184.52000427246094,222.1710205078125,510.9300231933594
2024-09-12,119.12083435058594,425.29425048828125,154.33517456054688,187.0,222.28077697753906,524.6758422851562
2024-09-13,119.0808334350586,428.869873046875,157.09881591796875,186.49000549316406,222.01138305664062,523.6975708007812
2024-09-16,116.7612075805664,429.61688232421875,157.6974334716797,184.88999938964844,215.84495544433594,532.8502197265625
2024-09-17,115.57140350341797,433.41168212890625,158.95455932617188,186.8800048828125,216.31390380859375,535.8877563476562
2024-09-18,113.35176086425781,429.0890197753906,159.44342041015625,186.42999267578125,220.20535278320312,537.5164184570312
2024-09-19,117.85103607177734,436.9375305175781,161.76808166503906,189.8699951171875,228.3673858642578,558.6493530273438
2024-09-20,115.98133850097656,433.53118896484375,163.21475219726562,191.60000610351562,227.6988525390625,560.8975219726562
2024-09-23,116.24130249023438,431.77825927734375,161.47874450683594,193.8800048828125,225.97265625,563.955078125
2024-09-24,120.85055541992188,427.45556640625,161.917724609375,193.9600067138672,226.8706817626953,562.8759765625
2024-09-25,123.4901351928711,430.3838195800781,161.11956787109375,192.52999877929688,225.8728790283203,567.8519287109375
2024-09-26,124.02005004882812,429.5870056152344,162.35671997070312,191.16000366210938,227.02035522460938,567.3823852539062
2024-09-27,121.38047790527344,426.3101501464844,163.5739288330078,187.97000122070312,227.2897491455078,566.9027099609375
2024-09-30,121.42046356201172,428.5810241699219,165.46957397460938,186.3300018310547,232.4883270263672,571.9786376953125
2024-10-01,116.9811782836914,419.0094299316406,166.60696411132812,185.1300048828125,225.71324157714844,576.00537109375
2024-10-02,118.83087921142578,415.46368408203125,165.47955322265625,184.75999450683594,226.281982421875,572.3483276367188
2024-10-03,122.83023834228516,414.87603759765625,165.47955322265625,181.9600067138672,225.17440795898438,582.30029296875
2024-10-04,124.89990234375,414.39794921875,166.67678833007812,186.50999450683594,226.30194091796875,595.459716796875
2024-10-07,127.69945526123047,407.9040222167969,162.6061553955078,180.8000030517578,221.20315551757812,584.3087158203125
2024-10-08,132.86862182617188,413.0533447265625,164.00294494628906,182.72000122070312,225.27420043945312,592.4121704101562
2024-10-09,132.628662109375,415.7923278808594,161.4887237548828,185.1699981689453,229.03591918945312,590.0340576171875
2024-10-10,134.78831481933594,414.1788024902344,161.70822143554688,186.64999389648438,228.53701782226562,583.3594360351562
2024-10-11,134.7783203125,414.65692138671875,162.8655548095703,188.82000732421875,227.05029296875,589.4745483398438
2024-10-14,138.0478057861328,417.46563720703125,164.5816192626953,187.5399932861328,230.79205322265625,589.944091796875
2024-10-15,131.57884216308594,417.0672302246094,165.08047485351562,187.69000244140625,233.33645629882812,585.7974853515625
2024-10-16,135.6981658935547,414.45770263671875,164.78114318847656,186.88999938964844,231.27099609375,576.3250732421875
2024-10-17,136.90797424316406,415.0553283691406,162.55625915527344,187.52999877929688,231.6401824951172,576.4650268554688
2024-10-18,137.97779846191406,416.4895324707031,163.04515075683594,188.99000549316406,234.48391723632812,576.00537109375
2024-10-21,143.6868896484375,417.1070861816406,163.69366455078125,189.07000732421875,235.96067810058594,574.6964111328125
2024-10-22,143.56690979003906,425.8022155761719,164.76119995117188,189.6999969482422,235.342041015625,581.5409545898438
2024-10-23,139.5375518798828,422.9038391113281,162.4066162109375,184.7100067138672,230.25323486328125,563.2356567382812
2024-10-24,140.38742065429688,423.0332946777344,162.34674072265625,186.3800048828125,230.0636749267578,567.3223876953125
2024-10-25,141.51722717285156,426.43963623046875,164.89089965820312,187.8300018310547,230.9018096923828,572.7879638671875
2024-10-28,140.4973907470703,424.8858947753906,166.3375701904297,188.38999938964844,232.88743591308594,577.6939697265625
2024-10-29,141.22727966308594,430.2244873046875,169.29078674316406,190.8300018310547,233.15684509277344,592.8018798828125
2024-10-30,139.3175811767578,430.8021545410156,174.059814453125,192.72999572753906,229.5946807861328,591.322998046875
2024-10-31,132.7386474609375,404.72674560546875,170.71751403808594,186.39999389648438,225.4138946533203,567.12255859375
2024-11-01,135.3782196044922,408.73065185546875,170.89707946777344,197.92999267578125,222.42047119140625,566.702880859375
2024-11-04,136.0281219482422,406.8282775878906,168.851806640625,195.77999877929688,221.52244567871094,560.2280883789062
2024-11-05,139.8874969482422,409.8163146972656,169.35064697265625,199.5,222.95928955078125,571.9686279296875
2024-11-06,145.58656311035156,418.50146484375,176.10511779785156,207.08999633789062,222.23089599609375,571.5889282226562
2024-11-07,148.85606384277344,423.73052978515625,180.33538818359375,210.0500030517578,226.98043823242188,591.22314453125
2024-11-08,147.6062469482422,420.85205078125,177.94090270996094,208.17999267578125,226.7107391357422,588.8650512695312
2024-11-11,145.23663330078125,416.34014892578125,179.93630981445312,206.83999633789062,223.98373413085938,582.699951171875
2024-11-12,148.26612854003906,421.340087890625,181.20339965820312,208.91000366210938,223.98373413085938,584.3486328125
2024-11-13,146.2464599609375,423.50146484375,178.4696807861328,214.10000610351562,224.8727569580078,579.5325317382812
2024-11-14,146.7363739013672,425.1846923828125,175.17726135253906,211.47999572753906,227.9693603515625,576.69482421875
2024-11-15,141.9571533203125,413.3421936035156,172.09434509277344,202.61000061035156,224.7528839111328,553.6334228515625
2024-11-18,140.12744140625,414.0991516113281,174.8979034423828,201.6999969482422,227.7695770263672,553.9531860351562
2024-11-19,146.98634338378906,416.1210632324219,177.71141052246094,204.61000061035156,228.02928161621094,560.6378173828125
2024-11-20,145.8665313720703,413.8302001953125,175.5763397216797,202.8800048828125,228.7484893798828,565.064208984375
2024-11-21,146.6464080810547,412.0437927246094,167.2454833984375,198.3800048828125,228.26902770996094,562.6361694335938
2024-11-22,141.92715454101562,416.16552734375,164.38206481933594,197.1199951171875,229.61753845214844,558.6893920898438
2024-11-25,135.9981231689453,417.95196533203125,167.26544189453125,201.4499969482422,232.61424255371094,564.654541015625
2024-11-26,136.89797973632812,427.133544921875,168.73207092285156,207.86000061035156,234.8018341064453,573.0776977539062
2024-11-27,135.31822204589844,422.1435546875,168.84181213378906,205.74000549316406,234.67198181152344,568.7412719726562
2024-11-29,138.22776794433594,422.61260986328125,168.5624542236328,207.88999938964844,237.06935119628906,573.8571166992188
2024-12-02,138.60769653320312,430.1175842285156,171.0966339111328,210.7100067138672,239.3268585205078,592.3522338867188
2024-12-03,140.23744201660156,430.3371276855469,170.9469757080078,213.44000244140625,242.3834991455078,613.1554565429688
2024-12-04,145.1166534423828,436.544677734375,173.9700164794922,218.16000366210938,242.74310302734375,613.2853393554688
2024-12-05,145.04666137695312,441.7342529296875,172.24400329589844,220.5500030517578,242.7730712890625,608.439208984375
2024-12-06,142.42689514160156,442.682373046875,174.30926513671875,227.02999877929688,242.5732879638672,623.2672729492188
2024-12-09,138.79722595214844,445.12744140625,175.1682586669922,226.08999633789062,246.47900390625,613.0755004882812
2024-12-10,135.05758666992188,442.4428405761719,184.9569854736328,225.0399932861328,247.4978790283203,618.8208618164062
2024-12-11,139.29718017578125,448.0915222167969,195.1752166748047,230.25999450683594,246.2192840576172,632.1700439453125
2024-12-12,137.32736206054688,448.6603698730469,191.7391815185547,228.97000122070312,247.68768310546875,630.2815551757812
2024-12-13,134.23765563964844,446.37493896484375,189.6016387939453,227.4600067138672,247.85748291015625,619.8499755859375
2024-12-16,131.98785400390625,450.6863098144531,196.43377685546875,232.92999267578125,250.7642822265625,624.239990234375
2024-12-17,130.3780059814453,453.5505676269531,195.1951904296875,231.14999389648438,253.20159912109375,619.4400024414062
2024-12-18,128.8981475830078,436.5147399902344,188.18325805664062,220.52000427246094,247.77757263183594,597.1900024414062
2024-12-19,130.66796875,436.15545654296875,188.2931365966797,223.2899932861328,249.51565551757812,595.5700073242188
2024-12-20,134.68760681152344,435.726318359375,191.18980407714844,224.9199981689453,254.21051025390625,585.25
2024-12-23,139.6571502685547,434.3790283203125,194.40611267089844,225.05999755859375,254.98965454101562,599.8499755859375
2024-12-24,140.2071075439453,438.4508361816406,195.8843994140625,229.0500030517578,257.91644287109375,607.75
2024-12-26,139.91712951660156,437.2332763671875,195.375,227.0500030517578,258.7355041503906,603.3499755859375
2024-12-27,136.9973907470703,429.66845703125,192.5382537841797,223.75,255.30929565429688,599.8099975585938
2024-12-30,137.47735595703125,423.9798583984375,191.02000427246094,221.3000030517578,251.9230194091797,591.239990234375
2024-12-31,134.27764892578125,420.6565246582031,189.08224487304688,219.38999938964844,250.1449737548828,585.510009765625
2025-01-02,138.29727172851562,417.74237060546875,189.2120819091797,220.22000122070312,243.5821990966797,599.239990234375
2025-01-03,144.4567108154297,422.5028381347656,191.56936645507812,224.19000244140625,243.0927276611328,604.6300048828125
2025-01-06,149.41624450683594,426.99383544921875,196.64352416992188,227.61000061035156,244.73092651367188,630.2000122070312
2025-01-07,140.12710571289062,421.5247802734375,195.26512145996094,222.11000061035156,241.94400024414062,617.8900146484375
2025-01-08,140.0971221923828,423.7104187011719,193.7268829345703,222.1300048828125,242.43344116210938,610.719970703125
2025-01-10,135.8975067138672,418.11163330078125,191.81907653808594,218.94000244140625,236.58987426757812,615.8599853515625
2025-01-13,133.21774291992188,416.35516357421875,190.79026794433594,218.4600067138672,234.14256286621094,608.3300170898438
2025-01-14,131.7478790283203,414.8382263183594,189.4418182373047,217.75999450683594,233.02378845214844,594.25
2025-01-15,136.22747802734375,425.4569091796875,195.32504272460938,223.35000610351562,237.60874938964844,617.1199951171875
2025-01-16,133.55772399902344,423.7303466796875,192.68807983398438,220.66000366210938,228.00930786132812,611.2999877929688
2025-01-17,137.6973419189453,428.1714782714844,195.77452087402344,225.94000244140625,229.7274169921875,612.77001953125
2025-01-21,140.81704711914062,427.64251708984375,197.82217407226562,230.7100067138672,222.39547729492188,616.4600219726562
2025-01-22,147.05648803710938,445.30712890625,198.1417999267578,235.00999450683594,223.58416748046875,623.5
2025-01-23,147.2064666748047,445.8160705566406,197.7522430419922,235.4199981689453,223.41436767578125,636.4500122070312
2025-01-24,142.60687255859375,443.17138671875,199.9796905517578,234.85000610351562,222.5353240966797,647.489990234375
2025-01-27,118.40910339355469,433.6903991699219,191.58934020996094,235.4199981689453,229.6075439453125,659.8800048828125
2025-01-28,128.9781494140625,446.30511474609375,195.07533264160156,238.14999389648438,237.99832153320312,674.3300170898438
2025-01-29,123.6886215209961,441.44482421875,195.18521118164062,237.07000732421875,239.0971221923828,676.489990234375
2025-01-30,124.63853454589844,414.1595458984375,200.638916015625,234.63999938964844,237.3290557861328,687.0
2025-01-31,120.0589599609375,414.22943115234375,203.78530883789062,237.67999267578125,235.74081420898438,689.1799926757812
2025-02-03,116.64927673339844,410.09771728515625,200.99850463867188,237.4199981689453,227.75958251953125,697.4600219726562
2025-02-04,118.63909149169922,411.5447998046875,206.14259338378906,242.05999755859375,232.54432678222656,704.1900024414062
2025-02-05,124.81851959228516,412.4629821777344,191.1099090576172,236.1699981689453,232.21469116210938,704.8699951171875
2025-02-06,128.66815185546875,414.9879150390625,191.3795928955078,238.8300018310547,232.9638671875,711.989990234375
2025-02-07,129.8280487060547,408.9300537109375,185.1267852783203,229.14999389648438,227.3800048828125,714.52001953125
2025-02-10,133.55772399902344,411.3951110839844,186.2554931640625,233.13999938964844,227.64999389648438,717.4000244140625
2025-02-11,132.7877960205078,410.6166687011719,185.10682678222656,232.75999450683594,232.6199951171875,719.7999877929688
2025-02-12,131.12794494628906,408.2214660644531,183.39878845214844,228.92999267578125,236.8699951171875,725.3800048828125
2025-02-13,135.27755737304688,409.7184753417969,185.92587280273438,230.3699951171875,241.52999877929688,728.5599975585938
2025-02-14,138.8372344970703,407.6126708984375,185.01690673828125,228.67999267578125,244.60000610351562,736.6699829101562
2025-02-18,139.38717651367188,408.8202819824219,183.55859375,226.64999389648438,244.47000122070312,716.3699951171875
2025-02-19,139.21719360351562,413.94000244140625,185.05686950683594,226.6300048828125,244.8699951171875,703.77001953125
2025-02-20,140.0971221923828,416.1300048828125,184.34768676757812,222.8800048828125,245.8300018310547,694.8400268554688
2025-02-21,134.41763305664062,408.2099914550781,179.4533233642578,216.5800018310547,245.5500030517578,683.5499877929688
2025-02-24,130.2680206298828,404.0,179.04379272460938,212.7100067138672,247.10000610351562,668.1300048828125
2025-02-25,126.61835479736328,397.8999938964844,175.21820068359375,212.8000030517578,247.0399932861328,657.5
2025-02-26,131.26792907714844,399.7300109863281,172.5312957763672,214.35000610351562,240.36000061035156,673.7000122070312
2025-02-27,120.13895416259766,392.5299987792969,168.30616760253906,208.74000549316406,237.3000030517578,658.239990234375
2025-02-28,124.90850830078125,396.989990234375,170.0841064453125,212.27999877929688,241.83999633789062,668.2000122070312
2025-03-03,114.04950714111328,388.489990234375,166.81787109375,205.02000427246094,238.02999877929688,655.0499877929688
2025-03-04,115.97933197021484,388.6099853515625,170.72337341308594,203.8000030517578,235.92999267578125,640.0
2025-03-05,117.28921508789062,401.0199890136719,172.8209686279297,208.36000061035156,235.74000549316406,656.469970703125
2025-03-06,110.55982971191406,396.8900146484375,172.1517333984375,200.6999969482422,235.3300018310547,627.9299926757812
2025-03-07,112.67964172363281,393.30999755859375,173.66000366210938,199.25,239.07000732421875,625.6599731445312
2025-03-10,106.97016143798828,380.1600036621094,165.8699951171875,194.5399932861328,227.47999572753906,597.989990234375
2025-03-11,108.75,380.45001220703125,164.0399932861328,196.58999633789062,220.83999633789062,605.7100219726562
2025-03-12,115.73999786376953,383.2699890136719,167.11000061035156,198.88999938964844,216.97999572753906,619.5599975585938
